-- MySQL dump 10.13  Distrib 5.7.17, for Win64 (x86_64)
--
-- Host: localhost    Database: questionaire
-- ------------------------------------------------------
-- Server version	5.6.11

/*!40101 SET @OLD_CHARACTER_SET_CLIENT=@@CHARACTER_SET_CLIENT */;
/*!40101 SET @OLD_CHARACTER_SET_RESULTS=@@CHARACTER_SET_RESULTS */;
/*!40101 SET @OLD_COLLATION_CONNECTION=@@COLLATION_CONNECTION */;
/*!40101 SET NAMES utf8 */;
/*!40103 SET @OLD_TIME_ZONE=@@TIME_ZONE */;
/*!40103 SET TIME_ZONE='+00:00' */;
/*!40014 SET @OLD_UNIQUE_CHECKS=@@UNIQUE_CHECKS, UNIQUE_CHECKS=0 */;
/*!40014 SET @OLD_FOREIGN_KEY_CHECKS=@@FOREIGN_KEY_CHECKS, FOREIGN_KEY_CHECKS=0 */;
/*!40101 SET @OLD_SQL_MODE=@@SQL_MODE, SQL_MODE='NO_AUTO_VALUE_ON_ZERO' */;
/*!40111 SET @OLD_SQL_NOTES=@@SQL_NOTES, SQL_NOTES=0 */;

--
-- Table structure for table `departments`
--

DROP TABLE IF EXISTS `departments`;
/*!40101 SET @saved_cs_client     = @@character_set_client */;
/*!40101 SET character_set_client = utf8 */;
CREATE TABLE `departments` (
  `departmentID` varchar(10) NOT NULL,
  `departmentName` varchar(50) NOT NULL,
  PRIMARY KEY (`departmentID`)
) ENGINE=InnoDB DEFAULT CHARSET=utf8;
/*!40101 SET character_set_client = @saved_cs_client */;

--
-- Dumping data for table `departments`
--

LOCK TABLES `departments` WRITE;
/*!40000 ALTER TABLE `departments` DISABLE KEYS */;
INSERT INTO `departments` VALUES ('0001','数学科学学院'),('0002','物理学院'),('0003','化学与分子工程学院'),('0004','生命科学学院	'),('0005','城市与环境学院'),('0006','地球与空间科学学院'),('0007','心理与认知科学学院'),('0008','建筑与景观设计学院'),('0009','信息科学技术学院'),('0010','工学院'),('0011','计算机科学技术研究所'),('0012','软件与微电子学院'),('0013','环境科学与工程学院'),('0014','软件工程国家工程研究中心'),('0015','中国语言文学系'),('0016','历史学系'),('0017','考古文博学院'),('0018','哲学系（宗教学系）'),('0019','外国语学院'),('0020','艺术学院'),('0021','对外汉语教育学院'),('0022','歌剧研究院'),('0023','国际关系学院'),('0024','法学院'),('0025','信息管理系'),('0026','社会学系'),('0027','政府管理学院'),('0028','马克思主义学院'),('0029','教育学院'),('0030','新闻与传播学院'),('0031','体育教研部'),('0032','新媒体研究院'),('0033','经济学院'),('0034','光华管理学院'),('0035','人口研究所'),('0036','国家发展研究院'),('0037','基础医学院'),('0038','药学院'),('0039','公共卫生学院'),('0040','护理学院'),('0041','医学网络教育学院'),('0042','第一医院'),('0043','人民医院'),('0044','第三医院'),('0045','口腔医院'),('0046','第六医院'),('0047','北京肿瘤医院'),('0048','深圳医院'),('0049','首钢医院'),('0050','元培学院'),('0051','燕京学堂'),('0052','先进技术研究院'),('0053','前沿交叉学科研究院'),('0054','中国社会科学调查中心'),('0055','分子医学研究所'),('0056','科维理天文研究所'),('0057','核科学与技术研究院'),('0058','北京国际数学研究中心'),('0059','海洋研究院'),('0060','现代农学院（筹）'),('0061','人文社会科学研究院'),('0062','深圳研究生院'),('0063','信息工程学院'),('0064','化学生物学与生物技术学院'),('0065','环境与能源学院'),('0066','城市规划与设计学院'),('0067','新材料学院'),('0068','汇丰商学院'),('0069','国际法学院'),('0070','人文社会科学学院');
/*!40000 ALTER TABLE `departments` ENABLE KEYS */;
UNLOCK TABLES;

--
-- Table structure for table `log`
--

DROP TABLE IF EXISTS `log`;
/*!40101 SET @saved_cs_client     = @@character_set_client */;
/*!40101 SET character_set_client = utf8 */;
CREATE TABLE `log` (
  `id` int(11) NOT NULL AUTO_INCREMENT,
  `time` datetime DEFAULT CURRENT_TIMESTAMP,
  `details` text NOT NULL,
  PRIMARY KEY (`id`)
) ENGINE=InnoDB AUTO_INCREMENT=141 DEFAULT CHARSET=utf8;
/*!40101 SET character_set_client = @saved_cs_client */;

--
-- Dumping data for table `log`
--

LOCK TABLES `log` WRITE;
/*!40000 ALTER TABLE `log` DISABLE KEYS */;
INSERT INTO `log` VALUES (1,'2017-08-23 10:39:03','root add 计算机科学界的最高奖项是以______命名的。 into table question'),(2,'2017-08-23 10:39:03','root add 冯诺依曼体系结构是现代通用电子计算机的基础， 在这个结构中指出计算机中_______都是以二进制形式存储的。 into table question'),(3,'2017-08-23 10:39:03','root add 在计算机中，存储容量为1MB，指的是_____。 into table question'),(4,'2017-08-23 10:39:03','root add 在下列四个不同进制的无符号数中，值最大的是______。 into table question'),(5,'2017-08-23 10:39:03','root add 可视范围内的两个山头上有四个醒目的土堆，每个土堆上可以立起或放倒一个醒目竖杆，这四个土堆上的竖杆能表达的消息总数________。 into table question'),(6,'2017-08-23 10:39:03','root add 有关半导体只读存储器(ROM)与半导体随机存储器（RAM）的描述，正确的是___________。 into table question'),(7,'2017-08-23 10:39:03','root delete 有关半导体只读存储器(ROM)与半导体随机存储器（RAM）的描述，正确的是___________。 from table question'),(8,'2017-08-23 10:39:03','root add 有关半导体只读存储器(ROM)与半导体随机存储器（RAM）的描述，正确的是___________。 into table question'),(9,'2017-08-23 10:39:03','root add 不属于计算机外存设备的存储部件是_____。 into table question'),(10,'2017-08-23 10:39:03','root add CPU可以直接访问计算机的______。\n into table question'),(11,'2017-08-23 10:39:03','root add CPU不能直接访问的存储器是______。\n into table question'),(12,'2017-08-23 10:39:03','root add 在计算机存储器中，_____用来永久存放数据，不能随时修改。\n into table question'),(13,'2017-08-23 10:39:03','root delete 在下列四个不同进制的无符号数中，值最大的是______。 from table question'),(14,'2017-08-23 10:39:03','root add 在下列四个不同进制的无符号数中，值最大的是______。\n into table question'),(15,'2017-08-23 10:39:03','root add 关于内存与硬盘的区别，错误的说法是_______。\n into table question'),(16,'2017-08-23 10:39:03','root add 可作为计算机输出设备的是______。\n into table question'),(17,'2017-08-23 10:39:03','root add 保存个人信息，包括婚姻状况(已婚或未婚)、性别(男或女)、民族(56个民族)、职称(助教、讲师、副教授、教授)、学历(小学、初中、高中、中专、大专、大本、硕士研究生、博士研究生)等，最少需要______字节。\n into table question'),(18,'2017-08-23 10:39:03','root add 在计算机内，若采用ASCII码和GB2312码，一个半角英文字符用1个字节来表示，一个全角英文字符用________个字节来表示。\n into table question'),(19,'2017-08-23 10:39:03','root add 下列关于汉字编码的说法哪种是不正确的______。\n into table question'),(20,'2017-08-23 10:39:03','root add 关于计算机指令错误的描述是_______。\n into table question'),(21,'2017-08-23 10:39:03','root add 有关计算机的叙述，正确的是________。\n into table question'),(22,'2017-08-23 10:39:03','root add 从用户角度看，引入文件系统的主要目的是____________。\n into table question'),(23,'2017-08-23 10:39:03','root add 从用户角度看，引入文件系统的主要目的是____________。 into table question'),(24,'2017-08-23 10:39:03','root delete 从用户角度看，引入文件系统的主要目的是____________。\n from table question'),(25,'2017-08-23 10:39:03','root add 在window系统中，合法的文件名是________。\n into table question'),(26,'2017-08-23 10:39:03','root add 在window系统中，合法的文件名是________。 into table question'),(27,'2017-08-23 10:39:03','root delete 在window系统中，合法的文件名是________。\n from table question'),(28,'2017-08-23 10:39:03','root add 剪贴板是Windows提供的信息中转站，其中的数据保存在_______。\n into table question'),(29,'2017-08-23 10:39:03','root add Windows中“磁盘碎片整理程序”的主要用途是_____。\n into table question'),(30,'2017-08-23 10:39:03','root add 一个应用程序窗口被最小化后，该应用程序将______。\n into table question'),(31,'2017-08-23 10:39:03','root add 正在运行时的程序是存放在计算机的____________。\n into table question'),(32,'2017-08-23 10:39:03','root add Windows、MACOS等都是多任务操作系统，这是指它们可以_______。\n into table question'),(33,'2017-08-23 10:39:03','root add 在Windows中，由于某种原因必须将一个工作任务或一个出错程序强行终止，首先应尝试的方法是______.\n into table question'),(34,'2017-08-23 10:39:03','root add 在Windows中，由于某种原因必须将一个工作任务或一个出错程序强行终止，首先应尝试的方法是______. into table question'),(35,'2017-08-23 10:39:03','root add 在Windows中，由于某种原因必须将一个工作任务或一个出错程序强行终止，首先应尝试的方法是______. into table question'),(36,'2017-08-23 10:39:03','root add 在Word中，有一篇文档，最后一页是分栏的，但未占满整个版心，要让各栏在纵向的长度相等可在最后使用______分节符。\n into table question'),(37,'2017-08-23 10:39:03','root add 在Word中，要能自动生成目录，必须使用了_____。\n into table question'),(38,'2017-08-23 10:39:03','root add 在Word中，想方便地调整长文档的结构，最适宜的视图形式是________。\n into table question'),(39,'2017-08-23 10:39:03','root add 在Word编辑状态下，改变段落的缩进方式、调整左右边界等操作，最直观、快速的方法是利用____。\n into table question'),(40,'2017-08-23 10:39:03','root add 在WORD中，要复制字符格式而不复制字符，选择的工具是________。\n into table question'),(41,'2017-08-23 10:39:03','root add 在Excel中，把鼠标指向被选中单元格边框，当指针变成箭头时，拖动鼠标到目标单元格时，将完成______操作。\n into table question'),(42,'2017-08-23 10:39:03','root add 如果要按文本格式输入文本“000871”，以下输入操作中正确的是_______。\n into table question'),(43,'2017-08-23 10:39:03','root add 在Excel中，F5单元格的值为左侧紧邻单元格值的平方与上方紧邻单元格值的和，则其公式为________。\n into table question'),(44,'2017-08-23 10:39:03','root add 不能设置PowerPoint演示文稿整体外观的是________。\n into table question'),(45,'2017-08-23 10:39:03','root add 在Powerpoint中，停止幻灯片播放按动的按钮是_______。\n into table question'),(46,'2017-08-23 10:39:03','root add 在IPV4中，地址也可以用4个十进制数表示，每个数必须小于________。\n into table question'),(47,'2017-08-23 10:39:03','root add 发送电子邮件的协议是________。\n into table question'),(48,'2017-08-23 10:39:03','root add 浏览器上网时，经常需要使用验证码，下面有关其功能的描述，正确的是验证码_____。\n into table question'),(49,'2017-08-23 10:39:03','root add 计算机病毒是指在人为或非人为的情况下产生的、在用户不知情或未批准下，能自我复制或运行的_____。\n into table question'),(50,'2017-08-23 10:39:03','root add 以下关于防火墙的说法，不正确的是_______。\n into table question'),(51,'2017-08-23 10:39:03','root add 下面__________是专业的视频编辑与制作软件。\n into table question'),(52,'2017-08-23 10:39:03','root add 下列______文件格式既可以存储静态图像又可以存储动画。\n into table question'),(53,'2017-08-23 10:39:03','root add 程序设计语言可分为机器语言、____________和高级语言。\n into table question'),(54,'2017-08-23 10:39:03','root add 在程序设计语言中，;语言属于________。\n into table question'),(55,'2017-08-23 10:39:03','root add 将计算机高级语言程序翻译为机器语言的程序是____________。\n into table question'),(56,'2017-08-23 10:39:03','root add 不是程序设计语言的是________。\n into table question'),(57,'2017-08-23 10:39:03','root add 设计算法的主要目的是________。\n into table question'),(58,'2017-08-23 10:39:03','root add 流程图中一般有三种基本流程，不属于基本流程的是________。\n into table question'),(59,'2017-08-23 10:39:03','root add 布尔（或逻辑）型数据的取值个数是____________。\n into table question'),(60,'2017-08-23 10:39:03','root add 在程序中，变量实际上是________。\n into table question'),(61,'2017-08-23 10:39:03','root add 在计算机上运行一个有死循环的程序可能导致________。\n into table question'),(62,'2017-08-23 10:39:03','root delete 在计算机上运行一个有死循环的程序可能导致________。\n from table question'),(63,'2017-08-23 10:39:03','root add 在计算机上运行一个有死循环的程序可能导致________。 into table question'),(64,'2017-08-23 10:39:03','root add 在100个无序数值序列中查找一个数，最多需要多少次？\n into table question'),(65,'2017-08-23 10:39:03','root add 从1000个有序的数列中找到某个数，大致要比较多少次________。\n into table question'),(66,'2017-08-23 10:39:03','root add 以下哪个概念是与其他3个关系较远的（不具有包含关系）________。\n into table question'),(67,'2017-08-23 10:39:03','root add 以下关于“数组”的描述，正确的是________。\n into table question'),(68,'2017-08-23 10:39:03','root add 若要编程解决以下问题，最适合用“循环”处理的是________。\n into table question'),(69,'2017-08-23 10:39:03','root add 	若要编程解决以下问题，最适合用“循环”处理的是________。\n into table question'),(70,'2017-08-23 10:39:03','root delete 若要编程解决以下问题，最适合用“循环”处理的是________。\n from table question'),(71,'2017-08-23 10:39:03','root add 0001 数学科学学院 into table department'),(72,'2017-08-23 10:39:03','root add 0002 物理学院 into table department'),(73,'2017-08-23 10:39:03','root add 0003 化学与分子工程学院 into table department'),(74,'2017-08-23 10:39:03','root add 0004 生命科学学院	 into table department'),(75,'2017-08-23 10:39:03','root add 0005 城市与环境学院 into table department'),(76,'2017-08-23 10:39:03','root add 0006 地球与空间科学学院 into table department'),(77,'2017-08-23 10:39:03','root add 0007 心理与认知科学学院 into table department'),(78,'2017-08-23 10:39:03','root add 0008 建筑与景观设计学院 into table department'),(79,'2017-08-23 10:39:03','root add 0009 信息科学技术学院 into table department'),(80,'2017-08-23 10:39:03','root add 0010 工学院 into table department'),(81,'2017-08-23 10:39:03','root add 0011 计算机科学技术研究所 into table department'),(82,'2017-08-23 10:39:03','root add 0012 软件与微电子学院 into table department'),(83,'2017-08-23 10:39:03','root add 0013 环境科学与工程学院 into table department'),(84,'2017-08-23 10:39:03','root add 0014 软件工程国家工程研究中心 into table department'),(85,'2017-08-23 10:39:03','root add 0015 中国语言文学系 into table department'),(86,'2017-08-23 10:39:03','root add 0016 历史学系 into table department'),(87,'2017-08-23 10:39:03','root add 0017 考古文博学院 into table department'),(88,'2017-08-23 10:39:03','root add 0018 哲学系（宗教学系） into table department'),(89,'2017-08-23 10:39:03','root add 0019 外国语学院 into table department'),(90,'2017-08-23 10:39:03','root add 0020 艺术学院 into table department'),(91,'2017-08-23 10:39:03','root add 0021 对外汉语教育学院 into table department'),(92,'2017-08-23 10:39:03','root add 0022 歌剧研究院 into table department'),(93,'2017-08-23 10:39:03','root add 0023 国际关系学院 into table department'),(94,'2017-08-23 10:39:03','root add 0024 法学院 into table department'),(95,'2017-08-23 10:39:03','root add 0025 信息管理系 into table department'),(96,'2017-08-23 10:39:03','root add 0026 社会学系 into table department'),(97,'2017-08-23 10:39:03','root add 0027 政府管理学院 into table department'),(98,'2017-08-23 10:39:03','root add 0028 马克思主义学院 into table department'),(99,'2017-08-23 10:39:03','root add 0029 教育学院 into table department'),(100,'2017-08-23 10:39:03','root add 0030 新闻与传播学院 into table department'),(101,'2017-08-23 10:39:03','root add 0031 体育教研部 into table department'),(102,'2017-08-23 10:39:03','root add 0032 新媒体研究院 into table department'),(103,'2017-08-23 10:39:03','root add 0033 经济学院 into table department'),(104,'2017-08-23 10:39:03','root add 0034 光华管理学院 into table department'),(105,'2017-08-23 10:39:03','root add 0035 人口研究所 into table department'),(106,'2017-08-23 10:39:03','root add 0036 国家发展研究院 into table department'),(107,'2017-08-23 10:39:03','root add 0037 基础医学院 into table department'),(108,'2017-08-23 10:39:03','root add 0038 药学院 into table department'),(109,'2017-08-23 10:39:03','root add 0039 公共卫生学院 into table department'),(110,'2017-08-23 10:39:03','root add 0040 护理学院 into table department'),(111,'2017-08-23 10:39:03','root add 0041 医学网络教育学院 into table department'),(112,'2017-08-23 10:39:03','root add 0042 第一医院 into table department'),(113,'2017-08-23 10:39:03','root add 0043 人民医院 into table department'),(114,'2017-08-23 10:39:03','root add 0044 第三医院 into table department'),(115,'2017-08-23 10:39:03','root add 0045 口腔医院 into table department'),(116,'2017-08-23 10:39:03','root add 0046 第六医院 into table department'),(117,'2017-08-23 10:39:03','root add 0047 北京肿瘤医院 into table department'),(118,'2017-08-23 10:39:03','root add 0048 深圳医院 into table department'),(119,'2017-08-23 10:39:03','root add 0049 首钢医院 into table department'),(120,'2017-08-23 10:39:03','root add 0050 元培学院 into table department'),(121,'2017-08-23 10:39:03','root add 0051 燕京学堂 into table department'),(122,'2017-08-23 10:39:03','root add 0052 先进技术研究院 into table department'),(123,'2017-08-23 10:39:03','root add 0053 前沿交叉学科研究院 into table department'),(124,'2017-08-23 10:39:03','root add 0054 中国社会科学调查中心 into table department'),(125,'2017-08-23 10:39:03','root add 0055 分子医学研究所 into table department'),(126,'2017-08-23 10:39:03','root add 0056 科维理天文研究所 into table department'),(127,'2017-08-23 10:39:03','root add 0057 核科学与技术研究院 into table department'),(128,'2017-08-23 10:39:03','root add 0058 北京国际数学研究中心 into table department'),(129,'2017-08-23 10:39:03','root add 0059 海洋研究院 into table department'),(130,'2017-08-23 10:39:03','root add 0060 现代农学院（筹） into table department'),(131,'2017-08-23 10:39:03','root add 0061 人文社会科学研究院 into table department'),(132,'2017-08-23 10:39:03','root add 0062 深圳研究生院 into table department'),(133,'2017-08-23 10:39:03','root add 0063 信息工程学院 into table department'),(134,'2017-08-23 10:39:03','root add 0064 化学生物学与生物技术学院 into table department'),(135,'2017-08-23 10:39:03','root add 0065 环境与能源学院 into table department'),(136,'2017-08-23 10:39:03','root add 0066 城市规划与设计学院 into table department'),(137,'2017-08-23 10:39:03','root add 0067 新材料学院 into table department'),(138,'2017-08-23 10:39:03','root add 0068 汇丰商学院 into table department'),(139,'2017-08-23 10:39:03','root add 0069 国际法学院 into table department'),(140,'2017-08-23 10:39:03','root add 0070 人文社会科学学院 into table department');
/*!40000 ALTER TABLE `log` ENABLE KEYS */;
UNLOCK TABLES;

--
-- Table structure for table `manager`
--

DROP TABLE IF EXISTS `manager`;
/*!40101 SET @saved_cs_client     = @@character_set_client */;
/*!40101 SET character_set_client = utf8 */;
CREATE TABLE `manager` (
  `id` varchar(20) NOT NULL,
  `password` varchar(40) NOT NULL,
  PRIMARY KEY (`id`)
) ENGINE=InnoDB DEFAULT CHARSET=utf8;
/*!40101 SET character_set_client = @saved_cs_client */;

--
-- Dumping data for table `manager`
--

LOCK TABLES `manager` WRITE;
/*!40000 ALTER TABLE `manager` DISABLE KEYS */;
INSERT INTO `manager` VALUES ('root','e10adc3949ba59abbe56e057f20f883e');
/*!40000 ALTER TABLE `manager` ENABLE KEYS */;
UNLOCK TABLES;

--
-- Table structure for table `question`
--

DROP TABLE IF EXISTS `question`;
/*!40101 SET @saved_cs_client     = @@character_set_client */;
/*!40101 SET character_set_client = utf8 */;
CREATE TABLE `question` (
  `questionID` int(11) NOT NULL AUTO_INCREMENT,
  `title` text NOT NULL,
  `option` text NOT NULL,
  `type` int(11) NOT NULL DEFAULT '0',
  `createtime` datetime NOT NULL DEFAULT CURRENT_TIMESTAMP,
  `altertime` datetime NOT NULL DEFAULT CURRENT_TIMESTAMP,
  `right_ans` varchar(100) NOT NULL DEFAULT '',
  `score` int(11) DEFAULT NULL,
  `difficult` int(11) DEFAULT NULL,
  `part` int(11) DEFAULT NULL,
  PRIMARY KEY (`questionID`)
) ENGINE=InnoDB AUTO_INCREMENT=65 DEFAULT CHARSET=utf8;
/*!40101 SET character_set_client = @saved_cs_client */;

--
-- Dumping data for table `question`
--

LOCK TABLES `question` WRITE;
/*!40000 ALTER TABLE `question` DISABLE KEYS */;
INSERT INTO `question` VALUES (1,'计算机科学界的最高奖项是以______命名的。','图灵;冯.诺依曼;比尔盖茨;诺贝尔',0,'2017-08-23 10:39:03','2017-08-23 10:39:03','A',1,1,2),(2,'冯诺依曼体系结构是现代通用电子计算机的基础， 在这个结构中指出计算机中_______都是以二进制形式存储的。','程序和数据;程序和算法;指令与电流;数据与信息',0,'2017-08-23 10:39:03','2017-08-23 10:39:03','A',1,1,2),(3,'在计算机中，存储容量为1MB，指的是_____。','1024×1024;位1024×1024字节;1000×1000位 ;1000×1000字节',0,'2017-08-23 10:39:03','2017-08-23 10:39:03','B',1,1,2),(5,'可视范围内的两个山头上有四个醒目的土堆，每个土堆上可以立起或放倒一个醒目竖杆，这四个土堆上的竖杆能表达的消息总数________。','4;8;16;32',0,'2017-08-23 10:39:03','2017-08-23 10:39:03','C',1,1,2),(7,'有关半导体只读存储器(ROM)与半导体随机存储器（RAM）的描述，正确的是___________。','ROM可以永久保存信息，RAM在掉电后信息会丢失;RAM通常被用来制作移动硬盘;ROM掉电后，信息会丢失，RAM则不会;ROM是内存储器，RAM是外存储器',0,'2017-08-23 10:39:03','2017-08-23 10:39:03','A',1,2,2),(8,'不属于计算机外存设备的存储部件是_____。','高速缓存;磁盘阵列（RAID）;光驱;固态硬盘',0,'2017-08-23 10:39:03','2017-08-23 10:39:03','A',1,2,2),(9,'CPU可以直接访问计算机的______。\n','内存储器;硬盘;虚拟存储器;光盘',0,'2017-08-23 10:39:03','2017-08-23 10:39:03','A',1,3,2),(10,'CPU不能直接访问的存储器是______。\n','ROM;RAM;Cache;CD－ROM',0,'2017-08-23 10:39:03','2017-08-23 10:39:03','D',1,3,2),(11,'在计算机存储器中，_____用来永久存放数据，不能随时修改。\n','虚拟存储器;RAM;ROM;Cache',0,'2017-08-23 10:39:03','2017-08-23 10:39:03','C',1,3,2),(12,'在下列四个不同进制的无符号数中，值最大的是______。\n','(CB)16;(312)8;(204)10;(11001010)2',0,'2017-08-23 10:39:03','2017-08-23 10:39:03','C',1,2,2),(13,'关于内存与硬盘的区别，错误的说法是_______。\n','内存与硬盘都是存储设备\n;内存的容量小，硬盘的容量相对大\n;内存的存取速度快，硬盘的速度相对慢\n;断电后内存和硬盘中的信息仍然保留着',0,'2017-08-23 10:39:03','2017-08-23 10:39:03','D',1,2,2),(14,'可作为计算机输出设备的是______。\n','扫描仪;摄像头;投影仪;数码相机',0,'2017-08-23 10:39:03','2017-08-23 10:39:03','C',1,1,2),(15,'保存个人信息，包括婚姻状况(已婚或未婚)、性别(男或女)、民族(56个民族)、职称(助教、讲师、副教授、教授)、学历(小学、初中、高中、中专、大专、大本、硕士研究生、博士研究生)等，最少需要______字节。\n','1;2;3;4',0,'2017-08-23 10:39:03','2017-08-23 10:39:03','B',1,4,2),(16,'在计算机内，若采用ASCII码和GB2312码，一个半角英文字符用1个字节来表示，一个全角英文字符用________个字节来表示。\n','1;2;4;8',0,'2017-08-23 10:39:03','2017-08-23 10:39:03','B',1,3,2),(17,'下列关于汉字编码的说法哪种是不正确的______。\n','输入汉字时的拼音、五笔、区位等都是输入码\n;汉字是以机内码存储在计算机内的\n;同样的汉字，在GB2312、GB13000、GB18030、BIG-5等不同编码标准中，机内码也是相同的\n;汉字显示或打印时，使用的是字形码',0,'2017-08-23 10:39:03','2017-08-23 10:39:03','C',1,4,2),(18,'关于计算机指令错误的描述是_______。\n','指令是指示计算机进行基本操作的命令。\n;所有计算机能够执行的指令种类和数量是一样的。\n;指令是计算机软件和硬件的界面。\n;高级语言编写的程序最终都要转换成机器指令序列。',0,'2017-08-23 10:39:03','2017-08-23 10:39:03','B',1,3,2),(19,'有关计算机的叙述，正确的是________。\n','将高级语言程序翻译成机器语言程序有编译和解释两种方式\n;图灵提出了现代计算机的体系结构，即计算机由五大部件构成\n;计算机上的所有接口都支持PNP功能\n;计算机程序存储在磁盘上就能被执行',0,'2017-08-23 10:39:03','2017-08-23 10:39:03','A',1,3,2),(21,'从用户角度看，引入文件系统的主要目的是____________。','实现虚拟存储;保护系统文档\n;保护用户和系统文档;实现对文件的按名存取',0,'2017-08-23 10:39:03','2017-08-23 10:39:03','D',1,1,2),(23,'在window系统中，合法的文件名是________。','task1+2.pptX;task1/2.pptX\n;task1|2.pptX;task1?2.pptX',0,'2017-08-23 10:39:03','2017-08-23 10:39:03','A',1,2,2),(24,'剪贴板是Windows提供的信息中转站，其中的数据保存在_______。\n','RAM;ROM;Cache;硬盘',0,'2017-08-23 10:39:03','2017-08-23 10:39:03','A',1,3,2),(25,'Windows中“磁盘碎片整理程序”的主要用途是_____。\n','进行磁盘文件碎片整理，提高磁盘的读写速度\n;将磁盘文件碎片删除，释放磁盘空间\n;将磁盘碎片进行整理，并重新格式化磁盘空间\n;对受损的磁盘盘片进行修复',0,'2017-08-23 10:39:03','2017-08-23 10:39:03','A',1,3,2),(26,'一个应用程序窗口被最小化后，该应用程序将______。\n','被终止执行;暂停执行;在前台执行;被转入后台执行',0,'2017-08-23 10:39:03','2017-08-23 10:39:03','D',1,1,2),(27,'正在运行时的程序是存放在计算机的____________。\n','硬盘上;内存中;网络上;CPU上',0,'2017-08-23 10:39:03','2017-08-23 10:39:03','B',1,2,2),(28,'Windows、MACOS等都是多任务操作系统，这是指它们可以_______。\n','供多个用户同时使用;运行很多种应用程序\n;同时运行多个应用程序;同时管理多种资源',0,'2017-08-23 10:39:03','2017-08-23 10:39:03','C',1,1,2),(29,'在Windows中，由于某种原因必须将一个工作任务或一个出错程序强行终止，首先应尝试的方法是______.\n','关掉计算机电源;重新启动计算机\n;同时按<Ctrl>+<A1t>+<Del>键，在任务管理器窗口中进行相应操作\n;将该任务或程序从计算机硬盘中删除',0,'2017-08-23 10:39:03','2017-08-23 10:39:03','C',1,1,2),(30,'在Windows中，由于某种原因必须将一个工作任务或一个出错程序强行终止，首先应尝试的方法是______.','关掉计算机电源;重新启动计算机\n;同时按<Ctrl>+<A1t>+<Del>键，在任务管理器窗口中进行相应操作\n;将该任务或程序从计算机硬盘中删除',0,'2017-08-23 10:39:03','2017-08-23 10:39:03','C',1,1,2),(31,'在Windows中，由于某种原因必须将一个工作任务或一个出错程序强行终止，首先应尝试的方法是______.','在Windows中，由于某种原因必须将一个工作任务或一个出错程序强行终止，首先应尝试的方法是______.\n关掉计算机电源;重新启动计算机\n;同时按\"<Ctrl>+<A1t>+<Del>\"键，在任务管理器窗口中进行相应操作\n;将该任务或程序从计算机硬盘中删除',0,'2017-08-23 10:39:03','2017-08-23 10:39:03','C',1,1,2),(32,'在Word中，有一篇文档，最后一页是分栏的，但未占满整个版心，要让各栏在纵向的长度相等可在最后使用______分节符。\n','下一页;连续;奇数页;偶数页',0,'2017-08-23 10:39:03','2017-08-23 10:39:03','B',1,3,2),(33,'在Word中，要能自动生成目录，必须使用了_____。\n','自动更正;大纲级别;题注;索引',0,'2017-08-23 10:39:03','2017-08-23 10:39:03','B',1,2,2),(34,'在Word中，想方便地调整长文档的结构，最适宜的视图形式是________。\n','页面视图;阅读板式视图;Web板式视图;大纲视图',0,'2017-08-23 10:39:03','2017-08-23 10:39:03','D',1,2,2),(35,'在Word编辑状态下，改变段落的缩进方式、调整左右边界等操作，最直观、快速的方法是利用____。\n','菜单栏;工具栏;格式栏;标尺',0,'2017-08-23 10:39:03','2017-08-23 10:39:03','D',1,2,2),(36,'在WORD中，要复制字符格式而不复制字符，选择的工具是________。\n','格式选定;格式工具栏;格式刷;复制',0,'2017-08-23 10:39:03','2017-08-23 10:39:03','C',1,1,2),(37,'在Excel中，把鼠标指向被选中单元格边框，当指针变成箭头时，拖动鼠标到目标单元格时，将完成______操作。\n','删除;移动;自动填充;复制',0,'2017-08-23 10:39:03','2017-08-23 10:39:03','C',1,1,2),(38,'如果要按文本格式输入文本“000871”，以下输入操作中正确的是_______。\n','\"000871;~000871;’000871;\"000871\"',0,'2017-08-23 10:39:03','2017-08-23 10:39:03','C',1,2,2),(39,'在Excel中，F5单元格的值为左侧紧邻单元格值的平方与上方紧邻单元格值的和，则其公式为________。\n','=E5*E5+F4;=SQRT(E5)+E4;=F4*F4+E5;=E5^E5+F4',0,'2017-08-23 10:39:03','2017-08-23 10:39:03','A',1,3,2),(40,'不能设置PowerPoint演示文稿整体外观的是________。\n','主题;模板;背景;动画',0,'2017-08-23 10:39:03','2017-08-23 10:39:03','D',1,2,2),(41,'在Powerpoint中，停止幻灯片播放按动的按钮是_______。\n','Enter;Esc;Ctrl;Shift',0,'2017-08-23 10:39:03','2017-08-23 10:39:03','B',1,1,2),(42,'在IPV4中，地址也可以用4个十进制数表示，每个数必须小于________。\n','64;128;256;1024',0,'2017-08-23 10:39:03','2017-08-23 10:39:03','C',1,4,2),(43,'发送电子邮件的协议是________。\n','HTTP;TCP;POP3;SMTP',0,'2017-08-23 10:39:03','2017-08-23 10:39:03','D',1,4,2),(44,'浏览器上网时，经常需要使用验证码，下面有关其功能的描述，正确的是验证码_____。\n','与用户名和密码密切相关，因此需要牢记，并保证每次都输入相同的验证码;\n;通常都是英文字母和数字的变形，其目的是让旁边其他人不容易看清楚;\n;主要是让计算机程序(机器人)难以自动识别，防止自动登录或破解账户;\n;主要是减少用户登录次数，防止用户沉迷网络。',0,'2017-08-23 10:39:03','2017-08-23 10:39:03','C',1,1,2),(45,'计算机病毒是指在人为或非人为的情况下产生的、在用户不知情或未批准下，能自我复制或运行的_____。\n','一段程序;一条命令;一个标记;一个文件',0,'2017-08-23 10:39:03','2017-08-23 10:39:03','A',1,1,2),(46,'以下关于防火墙的说法，不正确的是_______。\n','防火墙是一种隔离技术\n;防火墙是一种防止外界计算机攻击侵害的技术\n;防火墙的主要功能是查杀病毒\n;防火墙不能保证网络的绝对安全',0,'2017-08-23 10:39:03','2017-08-23 10:39:03','C',1,2,2),(47,'下面__________是专业的视频编辑与制作软件。\n','RealPlayer;MediaPlayer\n;AdobePremiere;QuickTime',0,'2017-08-23 10:39:03','2017-08-23 10:39:03','C',1,1,2),(48,'下列______文件格式既可以存储静态图像又可以存储动画。\n','bmp;jpg;tif;gif',0,'2017-08-23 10:39:03','2017-08-23 10:39:03','D',1,2,2),(49,'程序设计语言可分为机器语言、____________和高级语言。\n','汇编语言;编程语言;排版语言;逻辑语言',0,'2017-08-23 10:39:03','2017-08-23 10:39:03','A',1,1,3),(50,'在程序设计语言中，;语言属于________。\n','机器语言;低级语言;高级语言;面向对象语言',0,'2017-08-23 10:39:03','2017-08-23 10:39:03','C',1,1,3),(51,'将计算机高级语言程序翻译为机器语言的程序是____________。\n','语言程序;编译程序;汇编程序;连接程序',0,'2017-08-23 10:39:03','2017-08-23 10:39:03','B',1,2,3),(52,'不是程序设计语言的是________。\n','Basic;Java;Python;Android',0,'2017-08-23 10:39:03','2017-08-23 10:39:03','D',1,1,3),(53,'设计算法的主要目的是________。\n','找出问题中的数学规律\n;提高计算机硬件的性能，比如加快CPU运行速度，提高内存或硬盘访问速度\n;使得程序易于被计算机理解\n;使得计算机能够在尽可能短的时间内正确完成计算任务',0,'2017-08-23 10:39:03','2017-08-23 10:39:03','D',1,2,3),(54,'流程图中一般有三种基本流程，不属于基本流程的是________。\n','顺序;分支;循环;堆栈',0,'2017-08-23 10:39:03','2017-08-23 10:39:03','D',1,2,3),(55,'布尔（或逻辑）型数据的取值个数是____________。\n','1个;2个;3个;多个',0,'2017-08-23 10:39:03','2017-08-23 10:39:03','B',1,1,3),(56,'在程序中，变量实际上是________。\n','数学符号;内存空间;文件内容;磁盘空间',0,'2017-08-23 10:39:03','2017-08-23 10:39:03','B',1,2,3),(58,'在计算机上运行一个有死循环的程序可能导致________。','该程序无法正常结束;计算机拒绝执行该程序\n;计算机CPU损坏;计算机被感染病毒',0,'2017-08-23 10:39:03','2017-08-23 10:39:03','A',1,1,3),(59,'在100个无序数值序列中查找一个数，最多需要多少次？\n','5次;10次;100次;多于100次',0,'2017-08-23 10:39:03','2017-08-23 10:39:03','C',1,1,3),(60,'从1000个有序的数列中找到某个数，大致要比较多少次________。\n','10;100;500;1000',0,'2017-08-23 10:39:03','2017-08-23 10:39:03','A',1,2,3),(61,'以下哪个概念是与其他3个关系较远的（不具有包含关系）________。\n','机器人;机器学习;深度学习;人工智能',0,'2017-08-23 10:39:03','2017-08-23 10:39:03','A',1,1,3),(62,'以下关于“数组”的描述，正确的是________。\n','数组元素在内存连续存放;数组越大，访问速度越快;数组元素的值不能修改;数组末尾包含所有元素的和',0,'2017-08-23 10:39:03','2017-08-23 10:39:03','A',1,1,3),(64,'	若要编程解决以下问题，最适合用“循环”处理的是________。\n','求1到10000的和\n;求1到10000中的质数\n;计算7674乘以787344的积\n;在屏幕上打印“Hello,World\"',0,'2017-08-23 10:39:03','2017-08-23 10:39:03','B',1,1,3);
/*!40000 ALTER TABLE `question` ENABLE KEYS */;
UNLOCK TABLES;

--
-- Table structure for table `student_ques`
--

DROP TABLE IF EXISTS `student_ques`;
/*!40101 SET @saved_cs_client     = @@character_set_client */;
/*!40101 SET character_set_client = utf8 */;
CREATE TABLE `student_ques` (
  `studentID` varchar(10) NOT NULL DEFAULT '',
  `questionID` int(11) NOT NULL DEFAULT '0',
  `answer` varchar(500) DEFAULT NULL,
  `anstime` datetime DEFAULT CURRENT_TIMESTAMP,
  PRIMARY KEY (`studentID`,`questionID`),
  KEY `questionID` (`questionID`),
  CONSTRAINT `student_ques_ibfk_1` FOREIGN KEY (`studentID`) REFERENCES `students` (`studentID`),
  CONSTRAINT `student_ques_ibfk_2` FOREIGN KEY (`questionID`) REFERENCES `question` (`questionID`)
) ENGINE=InnoDB DEFAULT CHARSET=utf8;
/*!40101 SET character_set_client = @saved_cs_client */;

--
-- Dumping data for table `student_ques`
--

LOCK TABLES `student_ques` WRITE;
/*!40000 ALTER TABLE `student_ques` DISABLE KEYS */;
INSERT INTO `student_ques` VALUES ('1323231232',1,'1','2017-08-26 19:43:32'),('1323231232',2,'1','2017-08-26 19:43:32'),('1323231232',3,'3','2017-08-26 19:43:32'),('1323231232',5,'3','2017-08-26 19:43:32'),('1323231232',7,'3','2017-08-26 19:43:32'),('1323231232',8,'3','2017-08-26 19:43:32'),('1323231232',9,'3','2017-08-26 19:43:32'),('1323231232',10,'3','2017-08-26 19:43:32'),('1323231232',11,'3','2017-08-26 19:43:32'),('1323231232',12,'2','2017-08-26 19:43:32'),('1323231232',13,'3','2017-08-26 19:43:32'),('1323231232',14,'2','2017-08-26 19:43:32'),('1323231232',15,'3','2017-08-26 19:43:32'),('1323231232',16,'3','2017-08-26 19:43:32'),('1323231232',17,'2','2017-08-26 19:43:32'),('1323231232',18,'2','2017-08-26 19:43:32'),('1323231232',19,'4','2017-08-26 19:43:32'),('1323231232',21,'4','2017-08-26 19:43:32'),('1323231232',23,'3','2017-08-26 19:43:32'),('1323231232',24,'3','2017-08-26 19:43:32'),('1323231232',25,'3','2017-08-26 19:43:32'),('1323231232',26,'2','2017-08-26 19:43:32'),('1323231232',27,'3','2017-08-26 19:43:32'),('1323231232',28,'3','2017-08-26 19:43:32'),('1323231232',29,'2','2017-08-26 19:43:32'),('1323231232',30,'1','2017-08-26 19:43:32'),('1323231232',31,'4','2017-08-26 19:43:32'),('1323231232',32,'4','2017-08-26 19:43:32'),('1323231232',33,'2','2017-08-26 19:43:32'),('1323231232',34,'2','2017-08-26 19:43:32'),('1323231232',35,'3','2017-08-26 19:43:32'),('1323231232',36,'4','2017-08-26 19:43:32'),('1323231232',37,'3','2017-08-26 19:43:32'),('1323231232',38,'3','2017-08-26 19:43:32'),('1323231232',39,'1','2017-08-26 19:43:32'),('1323231232',40,'3','2017-08-26 19:43:32'),('1323231232',41,'2','2017-08-26 19:43:32'),('1323231232',42,'2','2017-08-26 19:43:32'),('1323231232',43,'2','2017-08-26 19:43:32'),('1323231232',44,'3','2017-08-26 19:43:32'),('1323231232',45,'2','2017-08-26 19:43:32'),('1323231232',46,'3','2017-08-26 19:43:32'),('1323231232',47,'3','2017-08-26 19:43:32'),('1323231232',48,'3','2017-08-26 19:43:32'),('1323231232',49,'3','2017-08-26 19:43:32'),('1323231232',50,'3','2017-08-26 19:43:32'),('1323231232',51,'2','2017-08-26 19:43:32'),('1323231232',52,'4','2017-08-26 19:43:32'),('1323231232',53,'4','2017-08-26 19:43:32'),('1323231232',54,'4','2017-08-26 19:43:32'),('1323231232',55,'2','2017-08-26 19:43:32'),('1323231232',56,'4','2017-08-26 19:43:32'),('1323231232',58,'4','2017-08-26 19:43:32'),('1323231232',59,'3','2017-08-26 19:43:32'),('1323231232',60,'4','2017-08-26 19:43:32'),('1323231232',61,'2','2017-08-26 19:43:32'),('1323231232',62,'3','2017-08-26 19:43:32'),('1323231232',64,'3','2017-08-26 19:43:32'),('1601214510',1,'','2017-08-23 10:39:03'),('1601214510',2,'','2017-08-23 10:39:03'),('1601214510',3,'','2017-08-23 10:39:03'),('1601214510',5,'','2017-08-23 10:39:03'),('1601214510',7,'','2017-08-23 10:39:03'),('1601214510',8,'','2017-08-23 10:39:03'),('1601214510',9,'','2017-08-23 10:39:03'),('1601214510',10,'','2017-08-23 10:39:03'),('1601214510',11,'','2017-08-23 10:39:03'),('1601214510',12,'','2017-08-23 10:39:03'),('1601214510',13,'','2017-08-23 10:39:03'),('1601214510',14,'','2017-08-23 10:39:03'),('1601214510',15,'','2017-08-23 10:39:03'),('1601214510',16,'','2017-08-23 10:39:03'),('1601214510',17,'','2017-08-23 10:39:03'),('1601214510',18,'','2017-08-23 10:39:03'),('1601214510',19,'','2017-08-23 10:39:03'),('1601214510',21,'','2017-08-23 10:39:03'),('1601214510',23,'','2017-08-23 10:39:03'),('1601214510',24,'','2017-08-23 10:39:03'),('1601214510',25,'','2017-08-23 10:39:03'),('1601214510',26,'','2017-08-23 10:39:03'),('1601214510',27,'','2017-08-23 10:39:03'),('1601214510',28,'','2017-08-23 10:39:03'),('1601214510',29,'','2017-08-23 10:39:03'),('1601214510',30,'','2017-08-23 10:39:03'),('1601214510',31,'','2017-08-23 10:39:03'),('1601214510',32,'','2017-08-23 10:39:03'),('1601214510',33,'','2017-08-23 10:39:03'),('1601214510',34,'','2017-08-23 10:39:03'),('1601214510',35,'','2017-08-23 10:39:03'),('1601214510',36,'','2017-08-23 10:39:03'),('1601214510',37,'','2017-08-23 10:39:03'),('1601214510',38,'','2017-08-23 10:39:03'),('1601214510',39,'','2017-08-23 10:39:03'),('1601214510',40,'','2017-08-23 10:39:03'),('1601214510',41,'','2017-08-23 10:39:03'),('1601214510',42,'','2017-08-23 10:39:03'),('1601214510',43,'','2017-08-23 10:39:03'),('1601214510',44,'','2017-08-23 10:39:03'),('1601214510',45,'','2017-08-23 10:39:03'),('1601214510',46,'','2017-08-23 10:39:03'),('1601214510',47,'','2017-08-23 10:39:03'),('1601214510',48,'','2017-08-23 10:39:03'),('1601214510',49,'','2017-08-23 10:39:03'),('1601214510',50,'','2017-08-23 10:39:03'),('1601214510',51,'','2017-08-23 10:39:03'),('1601214510',52,'','2017-08-23 10:39:03'),('1601214510',53,'','2017-08-23 10:39:03'),('1601214510',54,'','2017-08-23 10:39:03'),('1601214510',55,'','2017-08-23 10:39:03'),('1601214510',56,'','2017-08-23 10:39:03'),('1601214510',58,'','2017-08-23 10:39:03'),('1601214510',59,'','2017-08-23 10:39:03'),('1601214510',60,'','2017-08-23 10:39:03'),('1601214510',61,'','2017-08-23 10:39:03'),('1601214510',62,'','2017-08-23 10:39:03'),('1601214510',64,'','2017-08-23 10:39:03'),('1601214511',1,'1','2017-08-23 10:39:03'),('1601214511',2,'1','2017-08-23 10:39:03'),('1601214511',3,'1','2017-08-23 10:39:03'),('1601214511',5,'1','2017-08-23 10:39:03'),('1601214511',7,'1','2017-08-23 10:39:03'),('1601214511',8,'1','2017-08-23 10:39:03'),('1601214511',9,'1','2017-08-23 10:39:03'),('1601214511',10,'','2017-08-23 10:39:03'),('1601214511',11,'','2017-08-23 10:39:03'),('1601214511',12,'1','2017-08-23 10:39:03'),('1601214511',13,'','2017-08-23 10:39:03'),('1601214511',14,'','2017-08-23 10:39:03'),('1601214511',15,'','2017-08-23 10:39:03'),('1601214511',16,'','2017-08-23 10:39:03'),('1601214511',17,'','2017-08-23 10:39:03'),('1601214511',18,'','2017-08-23 10:39:03'),('1601214511',19,'','2017-08-23 10:39:03'),('1601214511',21,'','2017-08-23 10:39:03'),('1601214511',23,'','2017-08-23 10:39:03'),('1601214511',24,'','2017-08-23 10:39:03'),('1601214511',25,'','2017-08-23 10:39:03'),('1601214511',26,'','2017-08-23 10:39:03'),('1601214511',27,'','2017-08-23 10:39:03'),('1601214511',28,'','2017-08-23 10:39:03'),('1601214511',29,'','2017-08-23 10:39:03'),('1601214511',30,'','2017-08-23 10:39:03'),('1601214511',31,'1','2017-08-23 10:39:03'),('1601214511',32,'','2017-08-23 10:39:03'),('1601214511',33,'','2017-08-23 10:39:03'),('1601214511',34,'','2017-08-23 10:39:03'),('1601214511',35,'','2017-08-23 10:39:03'),('1601214511',36,'','2017-08-23 10:39:03'),('1601214511',37,'','2017-08-23 10:39:03'),('1601214511',38,'','2017-08-23 10:39:03'),('1601214511',39,'','2017-08-23 10:39:03'),('1601214511',40,'','2017-08-23 10:39:03'),('1601214511',41,'','2017-08-23 10:39:03'),('1601214511',42,'','2017-08-23 10:39:03'),('1601214511',43,'','2017-08-23 10:39:03'),('1601214511',44,'','2017-08-23 10:39:03'),('1601214511',45,'','2017-08-23 10:39:03'),('1601214511',46,'','2017-08-23 10:39:03'),('1601214511',47,'','2017-08-23 10:39:03'),('1601214511',48,'','2017-08-23 10:39:03'),('1601214511',49,'','2017-08-23 10:39:03'),('1601214511',50,'','2017-08-23 10:39:03'),('1601214511',51,'','2017-08-23 10:39:03'),('1601214511',52,'','2017-08-23 10:39:03'),('1601214511',53,'','2017-08-23 10:39:03'),('1601214511',54,'','2017-08-23 10:39:03'),('1601214511',55,'','2017-08-23 10:39:03'),('1601214511',56,'','2017-08-23 10:39:03'),('1601214511',58,'','2017-08-23 10:39:03'),('1601214511',59,'1','2017-08-23 10:39:03'),('1601214511',60,'','2017-08-23 10:39:03'),('1601214511',61,'','2017-08-23 10:39:03'),('1601214511',62,'','2017-08-23 10:39:03'),('1601214511',64,'','2017-08-23 10:39:03');
/*!40000 ALTER TABLE `student_ques` ENABLE KEYS */;
UNLOCK TABLES;

--
-- Table structure for table `students`
--

DROP TABLE IF EXISTS `students`;
/*!40101 SET @saved_cs_client     = @@character_set_client */;
/*!40101 SET character_set_client = utf8 */;
CREATE TABLE `students` (
  `studentID` varchar(10) NOT NULL,
  `studentName` varchar(40) NOT NULL,
  `studentDepartment` varchar(50) NOT NULL,
  `home` varchar(50) NOT NULL,
  `sex` int(11) NOT NULL,
  `score_part2` int(11) NOT NULL DEFAULT '0',
  `score_part3` int(11) NOT NULL DEFAULT '0',
  `finished` tinyint(1) DEFAULT '0',
  `logintime` datetime NOT NULL DEFAULT CURRENT_TIMESTAMP,
  PRIMARY KEY (`studentID`)
) ENGINE=InnoDB DEFAULT CHARSET=utf8;
/*!40101 SET character_set_client = @saved_cs_client */;

--
-- Dumping data for table `students`
--

LOCK TABLES `students` WRITE;
/*!40000 ALTER TABLE `students` DISABLE KEYS */;
INSERT INTO `students` VALUES ('1212323112','123131312412412','0001','东北',0,0,0,0,'2017-08-26 20:16:35'),('1221111111','1231323123123','0001','东北',0,0,0,0,'2017-08-26 19:59:32'),('1223232313','213123123123','0001','东北',0,0,0,0,'2017-08-26 19:54:29'),('1231231231','132312312313','0001','东北',0,0,0,0,'2017-08-26 19:56:52'),('1231231312','12321312313123','0001','东北',0,0,0,0,'2017-08-26 20:15:23'),('1234567890','testAAA','0002','东北',0,0,0,0,'2017-08-26 17:57:19'),('1312313131','12312313123','0001','东北',0,0,0,0,'2017-08-26 20:14:20'),('1323231232','1232131231234214','0001','东北',0,15,7,1,'2017-08-26 20:24:21'),('1323232132','13123123123123','0001','东北',0,0,0,0,'2017-08-26 19:52:45'),('1601214510','该剧','0001','东北',0,0,0,1,'2017-08-26 17:11:31'),('1601214511','test','0001','东北',0,5,0,1,'2017-08-26 19:03:54'),('1631231231','123123123123','0001','东北',0,0,0,0,'2017-08-26 19:48:31'),('1721321332','test1','0001','东北',0,0,0,0,'2017-08-26 19:37:12');
/*!40000 ALTER TABLE `students` ENABLE KEYS */;
UNLOCK TABLES;
/*!40103 SET TIME_ZONE=@OLD_TIME_ZONE */;

/*!40101 SET SQL_MODE=@OLD_SQL_MODE */;
/*!40014 SET FOREIGN_KEY_CHECKS=@OLD_FOREIGN_KEY_CHECKS */;
/*!40014 SET UNIQUE_CHECKS=@OLD_UNIQUE_CHECKS */;
/*!40101 SET CHARACTER_SET_CLIENT=@OLD_CHARACTER_SET_CLIENT */;
/*!40101 SET CHARACTER_SET_RESULTS=@OLD_CHARACTER_SET_RESULTS */;
/*!40101 SET COLLATION_CONNECTION=@OLD_COLLATION_CONNECTION */;
/*!40111 SET SQL_NOTES=@OLD_SQL_NOTES */;

-- Dump completed on 2017-08-26 20:28:31
